type,value,source
hash_sha256,015F0FDF24A19B98447FAB5FA16ABF929C1CF9BE33E9455CE788909DD5A8DBFE,public
hash_sha256,04A43023637CFDEE72E1FDBF7DD38AC442BDF2779D0450E20966F68119FA5A6A,public
hash_sha256,079B7F03C727DE92C3FCB7D3B9B9FEA6D1E9FFDCD60DC9A360AF90CE7B4B5CC6,public
hash_sha256,0AC748BAAAD6017E331A8D99AAE9E5449A96BA76FB7374F5D8C678AE52B7DB9F,public
hash_sha256,105303AE231B9E2FEE43C82AFAC59249593155BBF7BFDC51EDA49CB50351857F,public
hash_sha256,17A916728F5BFA2AF55565E0E73A04CBC52F4D872FB41E1A4CEDCC43C5A7A7D3,public
hash_sha256,1A0103EB4BA83B978D6F006225D6B7B80C5B21948715C0D78D3643A306D4D2E0,public
hash_sha256,1DB9C8C816D6D5871C463DA46C91864D780D933363B425983206B76C9DF09E08,public
hash_sha256,20DA5E4736A91EB6AA55892D1497C724FB16767DA43CCF3227DB5C9647BB0793,public
hash_sha256,2A5F9198F1E563688A2081B746BDAF48D897EC0AE96DFAFC15CD5CD52C25E8F2,public
hash_sha256,3009E864D40D67F803481FD7F4F8A38F46EB5DBF0C9A0B6922C11C2121EC50C6,public
hash_sha256,47DC344E945A0170C1F69CAF1CF5D63BCA22239E17F7DF1A01E6235484FA0593,public
hash_sha256,49A552D3ADBCAD9F5AC70151B48A4EDC2AE1D4094A1EA9D944785CEE8B4319D7,public
hash_sha256,4A75B84C305F8E8FA98641E5A57F35CB3A51887A89D1291620359C2B60882F6A,public
hash_sha256,4AB440989C4130B4BDC183C8B2C878F0E1931DC38BBEA5B8531C876202865B3E,public
hash_sha256,5752EFA219C7E42CB104917F38C146E1F747D14230BE0E64A5E87C20E82075BB,public
hash_sha256,57BA0A5BE8B2DFA2A7DA564F1C50FD277212743E33E392AF924DA6EEB997E5DB,public
hash_sha256,590512BF29E2A4A006F8CC76A931F14778F599FA14C9F0A935A16D7394E08422,public
hash_sha256,5CC0D46909BD6733DD331E2DFCEF5EF9B9A9EFB709B104C1C9A9D49026715065,public
hash_sha256,60F5D8EADABA230B95339011DAF4800F81E35AC721BF908F68ED8191388ADDCB,public
hash_sha256,677601F72181C53541F850248DD0904153EA62458489D7AA782149B93399EBD8,public
hash_sha256,6CA1F674E54A2D2F12C387403CBA885037EDE153E16EC4F6E1DDD216BA897215,public
hash_sha256,6DF96984D5BA709282B6C92287262BD81F980811B58B0C03B9B421BA1E580C6B,public
hash_sha256,6EA8D7B27D2A6C0E08886F55EF810D66788D973739218270AE38C126A71ED530,public
hash_sha256,6F07D75356B3698B885FF6070C338A7D96B9F761AB6350B385288842006DFF24,public
hash_sha256,75B0971A19E9C80EFD47B6197DCE666955E1FB0A05C152D1FE37C7E511A01DB1,public
hash_sha256,761690343F0577DF22E7130A5EFDF54EA246214395CBC94AC91AE91AAB78A76C,public
hash_sha256,7D9B41D7600C79B79E01F4E5100673BB134D5B4EA84ED8FCC9A2BE6CCC1DF4F7,public
hash_sha256,8833F2A6E84C91E31AE65E5AB269B362F7D4C2A2AF63D760FE5B6452B9ECBA96,public
hash_sha256,95768BC40BB040D0C07C23F566CC20DF0651FC14714E617B3F4B7ED3C6B7E5DD,public
hash_sha256,9637506691705B2FFA90FF6B46FB71F11125DFFABB19F3E89FD1BFB1F4CAA223,public
hash_sha256,969C7EE8709A519C4A4878B230D4BA7F81FB9563320B5983F8F1F95D4D215ECE,public
hash_sha256,97A766DB470C44347B65A0BC282582F96A47D96ED8D7946F4DA33775D384033A,public
hash_sha256,983506186590F7118CB507D29F12F163AFB536A03E6D0F4FB441DF8AFE49EDE1,public
hash_sha256,9854322760307C04AACD78F136E4D1496950811EE2F24978915D7CD322ECB36C,public
hash_sha256,A04365C2804ED63EA0CADBA4FA4FFC2E0541A09059ABC0E046EE57EF1645AB64,public
hash_sha256,AD95786B2402C6A2CC36A513937A10503AFF74E180EA1213CBFE40CA820D3B13,public
hash_sha256,B1FA0DED2F0CC42A70B7A0C051F772CD6DB76B15D50EC119307027E670998728,public
hash_sha256,B29E630B9C70B0DAABA4F83489494444C04C7A470B9C24EB4DDFFB6CD7CF05FF,public
hash_sha256,B7B72D141ED56C8E5A924DFA959771548883B88E84646150447F85EB97F88E62,public
hash_sha256,B9EA588642EA77D39CCAFAB329C2F10718F2C7771E2EE77A0C6DEDA285A48DE8,public
hash_sha256,BADB915188B5292CB1A22624AA386AB0AD8279D5BD2678926123560ECFFE0E0C,public
hash_sha256,C13FB67BEEC7F1737234483AD8D333FF77DFCE804EC5C945B45FED448F272074,public
hash_sha256,CA22E7B954277659A308EF321A67516689A24C51AEA7AC3C5F2D76A583B11530,public
hash_sha256,CFF9C5A87B3FB5961DDF59DFA0558C5B63503F89905E2A81CCD405E333408E72,public
hash_sha256,D150D8D8BFA651C0E08A10323ECB0BCCF346A35BD1BAD19F89A5338ACD8A88B3,public
hash_sha256,E71E6B81C46AAB4760840369E3FFE6AC80A9E6A2E62FC7E563265ED37EFD695A,public
hash_sha256,E77423214CFC184F3B41BDD539024D466BD5A94C91CFAA65D4E831410A8A8F94,public
hash_sha256,EE07759184ECAF4E0EF0A2981DCCFC5B6C4DA43A14A7BEB002AE06C95A145DCC,public
hash_sha256,EF8C99B57FF01D2267C6D946347F450BD4B92CEA56FBD0BB36F0BC9DE985FF83,public
hash_sha256,F3988F4C889E6AE79B7EBDE97A677E2ABFC89C53FFC800A8954B713D317232D3,public
hash_sha256,F4B5BF7A2501C26E1F7306AD78F7C6FB2637FDE652AA303A3A51C53C98ED3C10,public
hash_sha256,F8A607E3214F4C98E7BFF5F3822D0B0FFFA0B9035D8E17ACAC3D51F862C80C5D,public
domain,encrypthub.net,public
domain,encrypthub.org,public
