"type","value","source"
"hash_sha256","02C3D44EC9A44558F516A5922B09B736C5786D2A675B89B2E86CE8F16E4041B6","public"
"hash_sha256","09092C5061322E3CDC33E3EB4D8379F77EC20FF121ACD42B159E87407E421A57","public"
"hash_sha256","0C5E744A5AEFE6D6D432B85C33F92F2E2BEB75AF311421806ACB550F766DDA41","public"
"hash_sha256","1BA3CE9A93262E82A660B8B566134E08FA9680DE8716A2893E4E4617086276F4","public"
"hash_sha256","393BFF0EDB5C229064BA54343EB38BA1B301246CAAA30C20021776C822383BF2","public"
"hash_sha256","3B1CB2248BF6B2C9CB493F6EF226A943042CCD8A5E98F4869C55A4EFE0A0F835","public"
"hash_sha256","464087D09B85C0BBED20E5369264AE21537926DA24EFCA8AED4136C70FE5B1E0","public"
"hash_sha256","49CF4AE0D9FFBFC0FF4918E34B1C5B066E62663EEEE6DA4D0FA91172850E03D6","public"
"hash_sha256","658F468BC8A762EBEF233D284BCCB97D64D5B214EA49D9C1CAC8B9976EE6C3DC","public"
"hash_sha256","7FD271225602C021306C68157A2E17ACE5F42853B4762C49F4D82AE8A4E2EBE3","public"
"hash_sha256","9325343E22181EDA59EFCE7B9D6A54C5565C1798337CB42F07A24DBE93F5B117","public"
"hash_sha256","9391014B5A567F4821603C97802C38D8F3053469F47533C57BCFDB787FD9CD57","public"
"hash_sha256","959CCE59FC5D15540E348945B0A18516D9AFB56B1F21FD2DB4ED209E87CF2657","public"
"hash_sha256","A5C8D558AF0E8E3853CDD03BE91DC7D915113A291466383005DBE1951809F663","public"
"hash_sha256","A82E254EC16D3505322B487CFA2CC0F9E629EF72A4F474DBAE81B1EC5BD7F2C2","public"
"hash_sha256","AC9B107E35F7A8055BB4A556A1835B824F7B32BBC8AF0C05DC67164678F25008","public"
"hash_sha256","B3A7F14DF7B52A0ACADC02C58D602BD21E28B7968621F9181531D4977E216BA1","public"
"hash_sha256","CD8A7350B07311F2257EBA7ED5D992CF7F00E869461F9A2C3C2003A05BFDCCE0","public"
"hash_sha256","E9A2379991D7AD9F3031C9CD62EAB9277B9A2D0179A066B36DD95737182574C8","public"
"hash_sha256","EAE18C62DBB29BC6749347D410A16B190CB1B2FDAFF6D8318CA9ECB5E572391D","public"
"hash_sha256","EFD85FD28BCF10F32F0AC934EE0E9E71D34A0CBAE66EE83ABAD9A929C3CA91F9","public"
"hash_sha256","F9A3F810FB81B3A605038D997341223EB6914AED4F13F4D93466906DC83B1942","public"
